Player,KEN
Wilt Chamberlain,23928.443062200957
Bill Russell,21624.257528556594
Kareem Abdul-Jabbar,17443.628205128207
Elvin Hayes,16280.84036838066
Moses Malone,16213.351392024078
Tim Duncan,15094.035201149425
Karl Malone,14971.555555555555
Robert Parish,14716.353196772192
Kevin Garnett,14665.724350205199
Nate Thurmond,14466.671161825727
